{
  "context_recall": 0.5,
  "faithfulness": 0.8518518518518517,
  "llm_context_precision_with_reference": 0.42307692304134614,
  "answer_relevancy": 0.730228215422629
}