{
  "context_recall": 0.7692307692307693,
  "faithfulness": 0.8269230769230769,
  "llm_context_precision_with_reference": 0.8174145298760459,
  "answer_relevancy": 0.5687807922140103
}