{
  "context_recall": 0.6410256410256411,
  "faithfulness": 0.8316239316239316,
  "llm_context_precision_with_reference": 0.8542735042399856,
  "answer_relevancy": 0.6386747519458464
}