{
  "context_recall": 0.65,
  "faithfulness": 0.984375,
  "llm_context_precision_with_reference": 0.37662337658874456,
  "answer_relevancy": 0.6619297313223874
}